timestamp,x,playerid,action,playercode,initialLetters,type
2017-07-18 19:19:15,1,5,,6n7bpiu9,ANI,
2017-07-18 19:19:16,2,5,,6n7bpiu9,ANI,
2017-07-18 19:19:17,3,5,,6n7bpiu9,ANI,
2017-07-18 19:19:18,4,5,,6n7bpiu9,ANI,
2017-07-18 19:19:19,5,5,,6n7bpiu9,ANI,
2017-07-18 19:19:20,6,5,,6n7bpiu9,ANI,
2017-07-18 19:19:21,7,5,,6n7bpiu9,ANI,
2017-07-18 19:19:22,8,5,,6n7bpiu9,ANI,
2017-07-18 19:19:23,9,5,,6n7bpiu9,ANI,
2017-07-18 19:19:24,10,5,,6n7bpiu9,ANI,
2017-07-18 19:19:25,11,5,,6n7bpiu9,ANI,
2017-07-18 19:19:26,12,5,,6n7bpiu9,ANI,
2017-07-18 19:19:27,13,5,,6n7bpiu9,ANI,
2017-07-18 19:19:28,14,5,,6n7bpiu9,ANI,
2017-07-18 19:19:29,15,5,,6n7bpiu9,ANI,
2017-07-18 19:19:30,16,5,,6n7bpiu9,ANI,
2017-07-18 19:19:31,17,5,,6n7bpiu9,ANI,
2017-07-18 19:19:32,18,5,,6n7bpiu9,ANI,
2017-07-18 19:19:33,19,5,,6n7bpiu9,ANI,
2017-07-18 19:19:34,20,5,,6n7bpiu9,ANI,
2017-07-18 19:19:35,21,5,,6n7bpiu9,ANI,
2017-07-18 19:19:36,22,5,,6n7bpiu9,ANI,
2017-07-18 19:19:37,23,5,,6n7bpiu9,ANI,
2017-07-18 19:19:38,24,5,,6n7bpiu9,ANI,
2017-07-18 19:19:39,25,5,,6n7bpiu9,ANI,
2017-07-18 19:19:40,26,5,B,6n7bpiu9,ANI,1
2017-07-18 19:19:41,27,5,,6n7bpiu9,ANI,
2017-07-18 19:19:42,28,5,,6n7bpiu9,ANI,
2017-07-18 19:19:43,29,5,,6n7bpiu9,ANI,
2017-07-18 19:19:44,30,5,,6n7bpiu9,ANI,
2017-07-18 19:19:45,31,5,,6n7bpiu9,ANI,
2017-07-18 19:19:46,32,5,,6n7bpiu9,ANI,
2017-07-18 19:19:47,33,5,,6n7bpiu9,ANI,
2017-07-18 19:19:48,34,5,,6n7bpiu9,ANI,
2017-07-18 19:19:49,35,5,,6n7bpiu9,ANI,
2017-07-18 19:19:50,36,5,,6n7bpiu9,ANI,
2017-07-18 19:19:51,37,5,,6n7bpiu9,ANI,
2017-07-18 19:19:52,38,5,,6n7bpiu9,ANI,
2017-07-18 19:19:53,39,5,,6n7bpiu9,ANI,
2017-07-18 19:19:54,40,5,,6n7bpiu9,ANI,
2017-07-18 19:19:55,41,5,,6n7bpiu9,ANI,
2017-07-18 19:19:56,42,5,,6n7bpiu9,ANI,
2017-07-18 19:19:57,43,5,,6n7bpiu9,ANI,
2017-07-18 19:19:58,44,5,,6n7bpiu9,ANI,
2017-07-18 19:19:59,45,5,,6n7bpiu9,ANI,
2017-07-18 19:20:00,46,5,,6n7bpiu9,ANI,
2017-07-18 19:20:01,47,5,,6n7bpiu9,ANI,
2017-07-18 19:20:02,48,5,,6n7bpiu9,ANI,
2017-07-18 19:20:03,49,5,,6n7bpiu9,ANI,
2017-07-18 19:20:04,50,5,,6n7bpiu9,ANI,
2017-07-18 19:20:05,51,5,,6n7bpiu9,ANI,
2017-07-18 19:20:06,52,5,,6n7bpiu9,ANI,
2017-07-18 19:20:07,53,5,,6n7bpiu9,ANI,
2017-07-18 19:20:08,54,5,,6n7bpiu9,ANI,
2017-07-18 19:20:09,55,5,,6n7bpiu9,ANI,
2017-07-18 19:20:10,56,5,,6n7bpiu9,ANI,
2017-07-18 19:20:11,57,5,,6n7bpiu9,ANI,
2017-07-18 19:20:12,58,5,,6n7bpiu9,ANI,
2017-07-18 19:20:13,59,5,,6n7bpiu9,ANI,
2017-07-18 19:20:14,60,5,,6n7bpiu9,ANI,
2017-07-18 19:20:15,61,5,,6n7bpiu9,ANI,
2017-07-18 19:20:16,62,5,,6n7bpiu9,ANI,
2017-07-18 19:20:17,63,5,,6n7bpiu9,ANI,
2017-07-18 19:20:18,64,5,,6n7bpiu9,ANI,
2017-07-18 19:20:19,65,5,,6n7bpiu9,ANI,
2017-07-18 19:20:20,66,5,,6n7bpiu9,ANI,
2017-07-18 19:20:21,67,5,,6n7bpiu9,ANI,
2017-07-18 19:20:22,68,5,,6n7bpiu9,ANI,
2017-07-18 19:20:23,69,5,,6n7bpiu9,ANI,
2017-07-18 19:20:24,70,5,,6n7bpiu9,ANI,
2017-07-18 19:20:25,71,5,,6n7bpiu9,ANI,
2017-07-18 19:20:26,72,5,,6n7bpiu9,ANI,
2017-07-18 19:20:27,73,5,,6n7bpiu9,ANI,
2017-07-18 19:20:28,74,5,,6n7bpiu9,ANI,
2017-07-18 19:20:29,75,5,,6n7bpiu9,ANI,
2017-07-18 19:20:30,76,5,,6n7bpiu9,ANI,
2017-07-18 19:20:31,77,5,,6n7bpiu9,ANI,
2017-07-18 19:20:32,78,5,,6n7bpiu9,ANI,
2017-07-18 19:20:33,79,5,,6n7bpiu9,ANI,
2017-07-18 19:20:34,80,5,T,6n7bpiu9,ANI,1
2017-07-18 19:20:35,81,5,O,6n7bpiu9,ANI,1
2017-07-18 19:20:36,82,5,,6n7bpiu9,ANI,
2017-07-18 19:20:37,83,5,,6n7bpiu9,ANI,
2017-07-18 19:20:38,84,5,,6n7bpiu9,ANI,
2017-07-18 19:20:39,85,5,,6n7bpiu9,ANI,
2017-07-18 19:20:40,86,5,,6n7bpiu9,ANI,
2017-07-18 19:20:41,87,5,,6n7bpiu9,ANI,
2017-07-18 19:20:42,88,5,,6n7bpiu9,ANI,
2017-07-18 19:20:43,89,5,,6n7bpiu9,ANI,
2017-07-18 19:20:44,90,5,,6n7bpiu9,ANI,
2017-07-18 19:20:45,91,5,,6n7bpiu9,ANI,
2017-07-18 19:20:46,92,5,,6n7bpiu9,ANI,
2017-07-18 19:20:47,93,5,,6n7bpiu9,ANI,
2017-07-18 19:20:48,94,5,,6n7bpiu9,ANI,
2017-07-18 19:20:49,95,5,,6n7bpiu9,ANI,
2017-07-18 19:20:50,96,5,,6n7bpiu9,ANI,
2017-07-18 19:20:51,97,5,,6n7bpiu9,ANI,
2017-07-18 19:20:52,98,5,,6n7bpiu9,ANI,
2017-07-18 19:20:53,99,5,,6n7bpiu9,ANI,
2017-07-18 19:20:54,100,5,,6n7bpiu9,ANI,
2017-07-18 19:20:55,101,5,,6n7bpiu9,ANI,
2017-07-18 19:20:56,102,5,,6n7bpiu9,ANI,
2017-07-18 19:20:57,103,5,,6n7bpiu9,ANI,
2017-07-18 19:20:58,104,5,,6n7bpiu9,ANI,
2017-07-18 19:20:59,105,5,,6n7bpiu9,ANI,
2017-07-18 19:21:00,106,5,,6n7bpiu9,ANI,
2017-07-18 19:21:01,107,5,,6n7bpiu9,ANI,
2017-07-18 19:21:02,108,5,,6n7bpiu9,ANI,
2017-07-18 19:21:03,109,5,C,6n7bpiu9,ANI,1
2017-07-18 19:21:04,110,5,,6n7bpiu9,ANI,
2017-07-18 19:21:05,111,5,,6n7bpiu9,ANI,
2017-07-18 19:21:06,112,5,,6n7bpiu9,ANI,
2017-07-18 19:21:07,113,5,C,6n7bpiu9,ANI,2
2017-07-18 19:21:08,114,5,,6n7bpiu9,ANI,
2017-07-18 19:21:09,115,5,O,6n7bpiu9,ANI,2
2017-07-18 19:21:10,116,5,,6n7bpiu9,ANI,
2017-07-18 19:21:11,117,5,,6n7bpiu9,ANI,
2017-07-18 19:21:12,118,5,,6n7bpiu9,ANI,
2017-07-18 19:21:13,119,5,,6n7bpiu9,ANI,
2017-07-18 19:21:14,120,5,,6n7bpiu9,ANI,
2017-07-18 19:21:15,121,5,,6n7bpiu9,ANI,
2017-07-18 19:21:16,122,5,,6n7bpiu9,ANI,
2017-07-18 19:21:17,123,5,,6n7bpiu9,ANI,
2017-07-18 19:21:18,124,5,,6n7bpiu9,ANI,
2017-07-18 19:21:19,125,5,,6n7bpiu9,ANI,
2017-07-18 19:21:20,126,5,,6n7bpiu9,ANI,
2017-07-18 19:21:21,127,5,,6n7bpiu9,ANI,
2017-07-18 19:21:22,128,5,,6n7bpiu9,ANI,
2017-07-18 19:21:23,129,5,,6n7bpiu9,ANI,
2017-07-18 19:21:24,130,5,,6n7bpiu9,ANI,
2017-07-18 19:21:25,131,5,,6n7bpiu9,ANI,
2017-07-18 19:21:26,132,5,,6n7bpiu9,ANI,
2017-07-18 19:21:27,133,5,,6n7bpiu9,ANI,
2017-07-18 19:21:28,134,5,can,6n7bpiu9,ANI,
2017-07-18 19:21:29,135,5,,6n7bpiu9,ANI,
2017-07-18 19:21:30,136,5,,6n7bpiu9,ANI,
2017-07-18 19:21:31,137,5,,6n7bpiu9,ANI,
2017-07-18 19:21:32,138,5,,6n7bpiu9,ANI,
2017-07-18 19:21:33,139,5,,6n7bpiu9,ANI,
2017-07-18 19:21:34,140,5,,6n7bpiu9,ANI,
2017-07-18 19:21:35,141,5,,6n7bpiu9,ANI,
2017-07-18 19:21:36,142,5,,6n7bpiu9,ANI,
2017-07-18 19:21:37,143,5,,6n7bpiu9,ANI,
2017-07-18 19:21:38,144,5,,6n7bpiu9,ANI,
2017-07-18 19:21:39,145,5,,6n7bpiu9,ANI,
2017-07-18 19:21:40,146,5,,6n7bpiu9,ANI,
2017-07-18 19:21:41,147,5,,6n7bpiu9,ANI,
2017-07-18 19:21:42,148,5,,6n7bpiu9,ANI,
2017-07-18 19:21:43,149,5,,6n7bpiu9,ANI,
2017-07-18 19:21:44,150,5,,6n7bpiu9,ANI,
2017-07-18 19:21:45,151,5,,6n7bpiu9,ANI,
2017-07-18 19:21:46,152,5,,6n7bpiu9,ANI,
2017-07-18 19:21:47,153,5,,6n7bpiu9,ANI,
2017-07-18 19:21:48,154,5,,6n7bpiu9,ANI,
2017-07-18 19:21:49,155,5,,6n7bpiu9,ANI,
2017-07-18 19:21:50,156,5,,6n7bpiu9,ANI,
2017-07-18 19:21:51,157,5,,6n7bpiu9,ANI,
2017-07-18 19:21:52,158,5,,6n7bpiu9,ANI,
2017-07-18 19:21:53,159,5,,6n7bpiu9,ANI,
2017-07-18 19:21:54,160,5,,6n7bpiu9,ANI,
2017-07-18 19:21:55,161,5,,6n7bpiu9,ANI,
2017-07-18 19:21:56,162,5,,6n7bpiu9,ANI,
2017-07-18 19:21:57,163,5,,6n7bpiu9,ANI,
2017-07-18 19:21:58,164,5,,6n7bpiu9,ANI,
2017-07-18 19:21:59,165,5,,6n7bpiu9,ANI,
2017-07-18 19:22:00,166,5,,6n7bpiu9,ANI,
2017-07-18 19:22:01,167,5,,6n7bpiu9,ANI,
2017-07-18 19:22:02,168,5,,6n7bpiu9,ANI,
2017-07-18 19:22:03,169,5,,6n7bpiu9,ANI,
2017-07-18 19:22:04,170,5,,6n7bpiu9,ANI,
2017-07-18 19:22:05,171,5,,6n7bpiu9,ANI,
2017-07-18 19:22:06,172,5,,6n7bpiu9,ANI,
2017-07-18 19:22:07,173,5,,6n7bpiu9,ANI,
2017-07-18 19:22:08,174,5,,6n7bpiu9,ANI,
2017-07-18 19:22:09,175,5,,6n7bpiu9,ANI,
2017-07-18 19:22:10,176,5,,6n7bpiu9,ANI,
2017-07-18 19:22:11,177,5,,6n7bpiu9,ANI,
2017-07-18 19:22:12,178,5,,6n7bpiu9,ANI,
2017-07-18 19:22:13,179,5,,6n7bpiu9,ANI,
2017-07-18 19:22:14,180,5,,6n7bpiu9,ANI,
2017-07-18 19:22:15,181,5,,6n7bpiu9,ANI,
2017-07-18 19:22:16,182,5,,6n7bpiu9,ANI,
2017-07-18 19:22:17,183,5,,6n7bpiu9,ANI,
2017-07-18 19:22:18,184,5,coin,6n7bpiu9,ANI,
2017-07-18 19:22:19,185,5,,6n7bpiu9,ANI,
2017-07-18 19:22:20,186,5,,6n7bpiu9,ANI,
2017-07-18 19:22:21,187,5,,6n7bpiu9,ANI,
2017-07-18 19:22:22,188,5,,6n7bpiu9,ANI,
2017-07-18 19:22:23,189,5,,6n7bpiu9,ANI,
2017-07-18 19:22:24,190,5,,6n7bpiu9,ANI,
2017-07-18 19:22:25,191,5,,6n7bpiu9,ANI,
2017-07-18 19:22:26,192,5,,6n7bpiu9,ANI,
2017-07-18 19:22:27,193,5,,6n7bpiu9,ANI,
2017-07-18 19:22:28,194,5,,6n7bpiu9,ANI,
2017-07-18 19:22:29,195,5,,6n7bpiu9,ANI,
2017-07-18 19:22:30,196,5,,6n7bpiu9,ANI,
2017-07-18 19:22:31,197,5,,6n7bpiu9,ANI,
2017-07-18 19:22:32,198,5,,6n7bpiu9,ANI,
2017-07-18 19:22:33,199,5,,6n7bpiu9,ANI,
2017-07-18 19:22:34,200,5,,6n7bpiu9,ANI,
2017-07-18 19:22:35,201,5,,6n7bpiu9,ANI,
2017-07-18 19:22:36,202,5,,6n7bpiu9,ANI,
2017-07-18 19:22:37,203,5,,6n7bpiu9,ANI,
2017-07-18 19:22:38,204,5,,6n7bpiu9,ANI,
2017-07-18 19:22:39,205,5,,6n7bpiu9,ANI,
2017-07-18 19:22:40,206,5,,6n7bpiu9,ANI,
2017-07-18 19:22:41,207,5,,6n7bpiu9,ANI,
2017-07-18 19:22:42,208,5,,6n7bpiu9,ANI,
2017-07-18 19:22:43,209,5,,6n7bpiu9,ANI,
2017-07-18 19:22:44,210,5,,6n7bpiu9,ANI,
2017-07-18 19:22:45,211,5,,6n7bpiu9,ANI,
2017-07-18 19:22:46,212,5,,6n7bpiu9,ANI,
2017-07-18 19:22:47,213,5,,6n7bpiu9,ANI,
2017-07-18 19:22:48,214,5,,6n7bpiu9,ANI,
2017-07-18 19:22:49,215,5,,6n7bpiu9,ANI,
2017-07-18 19:22:50,216,5,,6n7bpiu9,ANI,
2017-07-18 19:22:51,217,5,,6n7bpiu9,ANI,
2017-07-18 19:22:52,218,5,,6n7bpiu9,ANI,
2017-07-18 19:22:53,219,5,,6n7bpiu9,ANI,
2017-07-18 19:22:54,220,5,,6n7bpiu9,ANI,
2017-07-18 19:22:55,221,5,,6n7bpiu9,ANI,
2017-07-18 19:22:56,222,5,,6n7bpiu9,ANI,
2017-07-18 19:22:57,223,5,,6n7bpiu9,ANI,
2017-07-18 19:22:58,224,5,,6n7bpiu9,ANI,
2017-07-18 19:22:59,225,5,,6n7bpiu9,ANI,
2017-07-18 19:23:00,226,5,W,6n7bpiu9,ANI,1
2017-07-18 19:23:01,227,5,,6n7bpiu9,ANI,
2017-07-18 19:23:02,228,5,,6n7bpiu9,ANI,
2017-07-18 19:23:03,229,5,,6n7bpiu9,ANI,
2017-07-18 19:23:04,230,5,,6n7bpiu9,ANI,
2017-07-18 19:23:05,231,5,,6n7bpiu9,ANI,
2017-07-18 19:23:06,232,5,,6n7bpiu9,ANI,
2017-07-18 19:23:07,233,5,,6n7bpiu9,ANI,
2017-07-18 19:23:08,234,5,,6n7bpiu9,ANI,
2017-07-18 19:23:09,235,5,,6n7bpiu9,ANI,
2017-07-18 19:23:10,236,5,,6n7bpiu9,ANI,
2017-07-18 19:23:11,237,5,,6n7bpiu9,ANI,
2017-07-18 19:23:12,238,5,Y,6n7bpiu9,ANI,1
2017-07-18 19:23:13,239,5,,6n7bpiu9,ANI,
2017-07-18 19:23:14,240,5,,6n7bpiu9,ANI,
2017-07-18 19:23:15,241,5,,6n7bpiu9,ANI,
2017-07-18 19:23:16,242,5,,6n7bpiu9,ANI,
2017-07-18 19:23:17,243,5,,6n7bpiu9,ANI,
2017-07-18 19:23:18,244,5,,6n7bpiu9,ANI,
2017-07-18 19:23:19,245,5,,6n7bpiu9,ANI,
2017-07-18 19:23:20,246,5,,6n7bpiu9,ANI,
2017-07-18 19:23:21,247,5,Y,6n7bpiu9,ANI,2
2017-07-18 19:23:22,248,5,,6n7bpiu9,ANI,
2017-07-18 19:23:23,249,5,,6n7bpiu9,ANI,
2017-07-18 19:23:24,250,5,,6n7bpiu9,ANI,
2017-07-18 19:23:25,251,5,,6n7bpiu9,ANI,
2017-07-18 19:23:26,252,5,,6n7bpiu9,ANI,
2017-07-18 19:23:27,253,5,,6n7bpiu9,ANI,
2017-07-18 19:23:28,254,5,,6n7bpiu9,ANI,
2017-07-18 19:23:29,255,5,,6n7bpiu9,ANI,
2017-07-18 19:23:30,256,5,,6n7bpiu9,ANI,
2017-07-18 19:23:31,257,5,,6n7bpiu9,ANI,
2017-07-18 19:23:32,258,5,,6n7bpiu9,ANI,
2017-07-18 19:23:33,259,5,,6n7bpiu9,ANI,
2017-07-18 19:23:34,260,5,coy,6n7bpiu9,ANI,
2017-07-18 19:23:35,261,5,,6n7bpiu9,ANI,
2017-07-18 19:23:36,262,5,,6n7bpiu9,ANI,
2017-07-18 19:23:37,263,5,,6n7bpiu9,ANI,
2017-07-18 19:23:38,264,5,,6n7bpiu9,ANI,
2017-07-18 19:23:39,265,5,,6n7bpiu9,ANI,
2017-07-18 19:23:40,266,5,,6n7bpiu9,ANI,
2017-07-18 19:23:41,267,5,,6n7bpiu9,ANI,
2017-07-18 19:23:42,268,5,nay,6n7bpiu9,ANI,
2017-07-18 19:23:43,269,5,,6n7bpiu9,ANI,
2017-07-18 19:23:44,270,5,,6n7bpiu9,ANI,
2017-07-18 19:23:45,271,5,,6n7bpiu9,ANI,
2017-07-18 19:23:46,272,5,,6n7bpiu9,ANI,
2017-07-18 19:23:47,273,5,,6n7bpiu9,ANI,
2017-07-18 19:23:48,274,5,,6n7bpiu9,ANI,
2017-07-18 19:23:49,275,5,,6n7bpiu9,ANI,
2017-07-18 19:23:50,276,5,,6n7bpiu9,ANI,
2017-07-18 19:23:51,277,5,,6n7bpiu9,ANI,
2017-07-18 19:23:52,278,5,,6n7bpiu9,ANI,
2017-07-18 19:23:53,279,5,,6n7bpiu9,ANI,
2017-07-18 19:23:54,280,5,,6n7bpiu9,ANI,
2017-07-18 19:23:55,281,5,,6n7bpiu9,ANI,
2017-07-18 19:23:56,282,5,,6n7bpiu9,ANI,
2017-07-18 19:23:57,283,5,,6n7bpiu9,ANI,
2017-07-18 19:23:58,284,5,,6n7bpiu9,ANI,
2017-07-18 19:23:59,285,5,,6n7bpiu9,ANI,
2017-07-18 19:24:00,286,5,,6n7bpiu9,ANI,
2017-07-18 19:24:01,287,5,,6n7bpiu9,ANI,
2017-07-18 19:24:02,288,5,,6n7bpiu9,ANI,
2017-07-18 19:24:03,289,5,,6n7bpiu9,ANI,
2017-07-18 19:24:04,290,5,,6n7bpiu9,ANI,
2017-07-18 19:24:05,291,5,,6n7bpiu9,ANI,
2017-07-18 19:24:06,292,5,,6n7bpiu9,ANI,
2017-07-18 19:24:07,293,5,,6n7bpiu9,ANI,
2017-07-18 19:24:08,294,5,,6n7bpiu9,ANI,
2017-07-18 19:24:09,295,5,,6n7bpiu9,ANI,
2017-07-18 19:24:10,296,5,,6n7bpiu9,ANI,
2017-07-18 19:24:11,297,5,,6n7bpiu9,ANI,
2017-07-18 19:24:12,298,5,,6n7bpiu9,ANI,
2017-07-18 19:24:13,299,5,,6n7bpiu9,ANI,
2017-07-18 19:24:14,300,5,,6n7bpiu9,ANI,
2017-07-18 19:24:15,301,5,,6n7bpiu9,ANI,
2017-07-18 19:24:16,302,5,,6n7bpiu9,ANI,
2017-07-18 19:24:17,303,5,,6n7bpiu9,ANI,
2017-07-18 19:24:18,304,5,,6n7bpiu9,ANI,
2017-07-18 19:24:19,305,5,,6n7bpiu9,ANI,
2017-07-18 19:19:15,1,1,,c28394f5,NEA,
2017-07-18 19:19:16,2,1,,c28394f5,NEA,
2017-07-18 19:19:17,3,1,,c28394f5,NEA,
2017-07-18 19:19:18,4,1,,c28394f5,NEA,
2017-07-18 19:19:19,5,1,,c28394f5,NEA,
2017-07-18 19:19:20,6,1,,c28394f5,NEA,
2017-07-18 19:19:21,7,1,,c28394f5,NEA,
2017-07-18 19:19:22,8,1,,c28394f5,NEA,
2017-07-18 19:19:23,9,1,,c28394f5,NEA,
2017-07-18 19:19:24,10,1,,c28394f5,NEA,
2017-07-18 19:19:25,11,1,,c28394f5,NEA,
2017-07-18 19:19:26,12,1,,c28394f5,NEA,
2017-07-18 19:19:27,13,1,,c28394f5,NEA,
2017-07-18 19:19:28,14,1,,c28394f5,NEA,
2017-07-18 19:19:29,15,1,,c28394f5,NEA,
2017-07-18 19:19:30,16,1,,c28394f5,NEA,
2017-07-18 19:19:31,17,1,,c28394f5,NEA,
2017-07-18 19:19:32,18,1,,c28394f5,NEA,
2017-07-18 19:19:33,19,1,,c28394f5,NEA,
2017-07-18 19:19:34,20,1,,c28394f5,NEA,
2017-07-18 19:19:35,21,1,,c28394f5,NEA,
2017-07-18 19:19:36,22,1,,c28394f5,NEA,
2017-07-18 19:19:37,23,1,,c28394f5,NEA,
2017-07-18 19:19:38,24,1,,c28394f5,NEA,
2017-07-18 19:19:39,25,1,,c28394f5,NEA,
2017-07-18 19:19:40,26,1,,c28394f5,NEA,
2017-07-18 19:19:41,27,1,,c28394f5,NEA,
2017-07-18 19:19:42,28,1,,c28394f5,NEA,
2017-07-18 19:19:43,29,1,,c28394f5,NEA,
2017-07-18 19:19:44,30,1,,c28394f5,NEA,
2017-07-18 19:19:45,31,1,,c28394f5,NEA,
2017-07-18 19:19:46,32,1,,c28394f5,NEA,
2017-07-18 19:19:47,33,1,,c28394f5,NEA,
2017-07-18 19:19:48,34,1,,c28394f5,NEA,
2017-07-18 19:19:49,35,1,nea,c28394f5,NEA,
2017-07-18 19:19:50,36,1,,c28394f5,NEA,
2017-07-18 19:19:51,37,1,,c28394f5,NEA,
2017-07-18 19:19:52,38,1,,c28394f5,NEA,
2017-07-18 19:19:53,39,1,,c28394f5,NEA,
2017-07-18 19:19:54,40,1,,c28394f5,NEA,
2017-07-18 19:19:55,41,1,,c28394f5,NEA,
2017-07-18 19:19:56,42,1,,c28394f5,NEA,
2017-07-18 19:19:57,43,1,,c28394f5,NEA,
2017-07-18 19:19:58,44,1,,c28394f5,NEA,
2017-07-18 19:19:59,45,1,,c28394f5,NEA,
2017-07-18 19:20:00,46,1,,c28394f5,NEA,
2017-07-18 19:20:01,47,1,,c28394f5,NEA,
2017-07-18 19:20:02,48,1,,c28394f5,NEA,
2017-07-18 19:20:03,49,1,,c28394f5,NEA,
2017-07-18 19:20:04,50,1,,c28394f5,NEA,
2017-07-18 19:20:05,51,1,,c28394f5,NEA,
2017-07-18 19:20:06,52,1,D,c28394f5,NEA,1
2017-07-18 19:20:07,53,1,,c28394f5,NEA,
2017-07-18 19:20:08,54,1,,c28394f5,NEA,
2017-07-18 19:20:09,55,1,,c28394f5,NEA,
2017-07-18 19:20:10,56,1,,c28394f5,NEA,
2017-07-18 19:20:11,57,1,,c28394f5,NEA,
2017-07-18 19:20:12,58,1,,c28394f5,NEA,
2017-07-18 19:20:13,59,1,,c28394f5,NEA,
2017-07-18 19:20:14,60,1,,c28394f5,NEA,
2017-07-18 19:20:15,61,1,,c28394f5,NEA,
2017-07-18 19:20:16,62,1,,c28394f5,NEA,
2017-07-18 19:20:17,63,1,,c28394f5,NEA,
2017-07-18 19:20:18,64,1,,c28394f5,NEA,
2017-07-18 19:20:19,65,1,,c28394f5,NEA,
2017-07-18 19:20:20,66,1,,c28394f5,NEA,
2017-07-18 19:20:21,67,1,,c28394f5,NEA,
2017-07-18 19:20:22,68,1,,c28394f5,NEA,
2017-07-18 19:20:23,69,1,,c28394f5,NEA,
2017-07-18 19:20:24,70,1,,c28394f5,NEA,
2017-07-18 19:20:25,71,1,,c28394f5,NEA,
2017-07-18 19:20:26,72,1,,c28394f5,NEA,
2017-07-18 19:20:27,73,1,,c28394f5,NEA,
2017-07-18 19:20:28,74,1,,c28394f5,NEA,
2017-07-18 19:20:29,75,1,,c28394f5,NEA,
2017-07-18 19:20:30,76,1,,c28394f5,NEA,
2017-07-18 19:20:31,77,1,,c28394f5,NEA,
2017-07-18 19:20:32,78,1,,c28394f5,NEA,
2017-07-18 19:20:33,79,1,,c28394f5,NEA,
2017-07-18 19:20:34,80,1,,c28394f5,NEA,
2017-07-18 19:20:35,81,1,,c28394f5,NEA,
2017-07-18 19:20:36,82,1,,c28394f5,NEA,
2017-07-18 19:20:37,83,1,,c28394f5,NEA,
2017-07-18 19:20:38,84,1,,c28394f5,NEA,
2017-07-18 19:20:39,85,1,,c28394f5,NEA,
2017-07-18 19:20:40,86,1,,c28394f5,NEA,
2017-07-18 19:20:41,87,1,,c28394f5,NEA,
2017-07-18 19:20:42,88,1,,c28394f5,NEA,
2017-07-18 19:20:43,89,1,,c28394f5,NEA,
2017-07-18 19:20:44,90,1,,c28394f5,NEA,
2017-07-18 19:20:45,91,1,,c28394f5,NEA,
2017-07-18 19:20:46,92,1,,c28394f5,NEA,
2017-07-18 19:20:47,93,1,,c28394f5,NEA,
2017-07-18 19:20:48,94,1,,c28394f5,NEA,
2017-07-18 19:20:49,95,1,,c28394f5,NEA,
2017-07-18 19:20:50,96,1,,c28394f5,NEA,
2017-07-18 19:20:51,97,1,,c28394f5,NEA,
2017-07-18 19:20:52,98,1,,c28394f5,NEA,
2017-07-18 19:20:53,99,1,,c28394f5,NEA,
2017-07-18 19:20:54,100,1,,c28394f5,NEA,
2017-07-18 19:20:55,101,1,,c28394f5,NEA,
2017-07-18 19:20:56,102,1,nae,c28394f5,NEA,
2017-07-18 19:20:57,103,1,,c28394f5,NEA,
2017-07-18 19:20:58,104,1,,c28394f5,NEA,
2017-07-18 19:20:59,105,1,,c28394f5,NEA,
2017-07-18 19:21:00,106,1,,c28394f5,NEA,
2017-07-18 19:21:01,107,1,,c28394f5,NEA,
2017-07-18 19:21:02,108,1,,c28394f5,NEA,
2017-07-18 19:21:03,109,1,ane,c28394f5,NEA,
2017-07-18 19:21:04,110,1,,c28394f5,NEA,
2017-07-18 19:21:05,111,1,,c28394f5,NEA,
2017-07-18 19:21:06,112,1,,c28394f5,NEA,
2017-07-18 19:21:07,113,1,,c28394f5,NEA,
2017-07-18 19:21:08,114,1,,c28394f5,NEA,
2017-07-18 19:21:09,115,1,,c28394f5,NEA,
2017-07-18 19:21:10,116,1,,c28394f5,NEA,
2017-07-18 19:21:11,117,1,,c28394f5,NEA,
2017-07-18 19:21:12,118,1,,c28394f5,NEA,
2017-07-18 19:21:13,119,1,,c28394f5,NEA,
2017-07-18 19:21:14,120,1,,c28394f5,NEA,
2017-07-18 19:21:15,121,1,,c28394f5,NEA,
2017-07-18 19:21:16,122,1,,c28394f5,NEA,
2017-07-18 19:21:17,123,1,,c28394f5,NEA,
2017-07-18 19:21:18,124,1,,c28394f5,NEA,
2017-07-18 19:21:19,125,1,,c28394f5,NEA,
2017-07-18 19:21:20,126,1,,c28394f5,NEA,
2017-07-18 19:21:21,127,1,,c28394f5,NEA,
2017-07-18 19:21:22,128,1,R,c28394f5,NEA,1
2017-07-18 19:21:23,129,1,,c28394f5,NEA,
2017-07-18 19:21:24,130,1,,c28394f5,NEA,
2017-07-18 19:21:25,131,1,,c28394f5,NEA,
2017-07-18 19:21:26,132,1,,c28394f5,NEA,
2017-07-18 19:21:27,133,1,S,c28394f5,NEA,1
2017-07-18 19:21:28,134,1,,c28394f5,NEA,
2017-07-18 19:21:29,135,1,,c28394f5,NEA,
2017-07-18 19:21:30,136,1,,c28394f5,NEA,
2017-07-18 19:21:31,137,1,,c28394f5,NEA,
2017-07-18 19:21:32,138,1,,c28394f5,NEA,
2017-07-18 19:21:33,139,1,,c28394f5,NEA,
2017-07-18 19:21:34,140,1,T,c28394f5,NEA,1
2017-07-18 19:21:35,141,1,,c28394f5,NEA,
2017-07-18 19:21:36,142,1,,c28394f5,NEA,
2017-07-18 19:21:37,143,1,,c28394f5,NEA,
2017-07-18 19:21:38,144,1,,c28394f5,NEA,
2017-07-18 19:21:39,145,1,,c28394f5,NEA,
2017-07-18 19:21:40,146,1,,c28394f5,NEA,
2017-07-18 19:21:41,147,1,,c28394f5,NEA,
2017-07-18 19:21:42,148,1,,c28394f5,NEA,
2017-07-18 19:21:43,149,1,,c28394f5,NEA,
2017-07-18 19:21:44,150,1,,c28394f5,NEA,
2017-07-18 19:21:45,151,1,,c28394f5,NEA,
2017-07-18 19:21:46,152,1,,c28394f5,NEA,
2017-07-18 19:21:47,153,1,,c28394f5,NEA,
2017-07-18 19:21:48,154,1,,c28394f5,NEA,
2017-07-18 19:21:49,155,1,,c28394f5,NEA,
2017-07-18 19:21:50,156,1,,c28394f5,NEA,
2017-07-18 19:21:51,157,1,,c28394f5,NEA,
2017-07-18 19:21:52,158,1,,c28394f5,NEA,
2017-07-18 19:21:53,159,1,,c28394f5,NEA,
2017-07-18 19:21:54,160,1,,c28394f5,NEA,
2017-07-18 19:21:55,161,1,,c28394f5,NEA,
2017-07-18 19:21:56,162,1,,c28394f5,NEA,
2017-07-18 19:21:57,163,1,,c28394f5,NEA,
2017-07-18 19:21:58,164,1,,c28394f5,NEA,
2017-07-18 19:21:59,165,1,,c28394f5,NEA,
2017-07-18 19:22:00,166,1,,c28394f5,NEA,
2017-07-18 19:22:01,167,1,,c28394f5,NEA,
2017-07-18 19:22:02,168,1,,c28394f5,NEA,
2017-07-18 19:22:03,169,1,,c28394f5,NEA,
2017-07-18 19:22:04,170,1,,c28394f5,NEA,
2017-07-18 19:22:05,171,1,,c28394f5,NEA,
2017-07-18 19:22:06,172,1,,c28394f5,NEA,
2017-07-18 19:22:07,173,1,,c28394f5,NEA,
2017-07-18 19:22:08,174,1,,c28394f5,NEA,
2017-07-18 19:22:09,175,1,,c28394f5,NEA,
2017-07-18 19:22:10,176,1,,c28394f5,NEA,
2017-07-18 19:22:11,177,1,,c28394f5,NEA,
2017-07-18 19:22:12,178,1,,c28394f5,NEA,
2017-07-18 19:22:13,179,1,,c28394f5,NEA,
2017-07-18 19:22:14,180,1,,c28394f5,NEA,
2017-07-18 19:22:15,181,1,,c28394f5,NEA,
2017-07-18 19:22:16,182,1,,c28394f5,NEA,
2017-07-18 19:22:17,183,1,,c28394f5,NEA,
2017-07-18 19:22:18,184,1,,c28394f5,NEA,
2017-07-18 19:22:19,185,1,,c28394f5,NEA,
2017-07-18 19:22:20,186,1,,c28394f5,NEA,
2017-07-18 19:22:21,187,1,,c28394f5,NEA,
2017-07-18 19:22:22,188,1,,c28394f5,NEA,
2017-07-18 19:22:23,189,1,,c28394f5,NEA,
2017-07-18 19:22:24,190,1,,c28394f5,NEA,
2017-07-18 19:22:25,191,1,,c28394f5,NEA,
2017-07-18 19:22:26,192,1,,c28394f5,NEA,
2017-07-18 19:22:27,193,1,,c28394f5,NEA,
2017-07-18 19:22:28,194,1,,c28394f5,NEA,
2017-07-18 19:22:29,195,1,,c28394f5,NEA,
2017-07-18 19:22:30,196,1,,c28394f5,NEA,
2017-07-18 19:22:31,197,1,,c28394f5,NEA,
2017-07-18 19:22:32,198,1,,c28394f5,NEA,
2017-07-18 19:22:33,199,1,,c28394f5,NEA,
2017-07-18 19:22:34,200,1,,c28394f5,NEA,
2017-07-18 19:22:35,201,1,,c28394f5,NEA,
2017-07-18 19:22:36,202,1,,c28394f5,NEA,
2017-07-18 19:22:37,203,1,,c28394f5,NEA,
2017-07-18 19:22:38,204,1,,c28394f5,NEA,
2017-07-18 19:22:39,205,1,,c28394f5,NEA,
2017-07-18 19:22:40,206,1,,c28394f5,NEA,
2017-07-18 19:22:41,207,1,,c28394f5,NEA,
2017-07-18 19:22:42,208,1,,c28394f5,NEA,
2017-07-18 19:22:43,209,1,,c28394f5,NEA,
2017-07-18 19:22:44,210,1,,c28394f5,NEA,
2017-07-18 19:22:45,211,1,,c28394f5,NEA,
2017-07-18 19:22:46,212,1,,c28394f5,NEA,
2017-07-18 19:22:47,213,1,,c28394f5,NEA,
2017-07-18 19:22:48,214,1,,c28394f5,NEA,
2017-07-18 19:22:49,215,1,,c28394f5,NEA,
2017-07-18 19:22:50,216,1,,c28394f5,NEA,
2017-07-18 19:22:51,217,1,,c28394f5,NEA,
2017-07-18 19:22:52,218,1,,c28394f5,NEA,
2017-07-18 19:22:53,219,1,,c28394f5,NEA,
2017-07-18 19:22:54,220,1,,c28394f5,NEA,
2017-07-18 19:22:55,221,1,,c28394f5,NEA,
2017-07-18 19:22:56,222,1,,c28394f5,NEA,
2017-07-18 19:22:57,223,1,,c28394f5,NEA,
2017-07-18 19:22:58,224,1,,c28394f5,NEA,
2017-07-18 19:22:59,225,1,,c28394f5,NEA,
2017-07-18 19:23:00,226,1,,c28394f5,NEA,
2017-07-18 19:23:01,227,1,,c28394f5,NEA,
2017-07-18 19:23:02,228,1,,c28394f5,NEA,
2017-07-18 19:23:03,229,1,,c28394f5,NEA,
2017-07-18 19:23:04,230,1,,c28394f5,NEA,
2017-07-18 19:23:05,231,1,,c28394f5,NEA,
2017-07-18 19:23:06,232,1,,c28394f5,NEA,
2017-07-18 19:23:07,233,1,,c28394f5,NEA,
2017-07-18 19:23:08,234,1,,c28394f5,NEA,
2017-07-18 19:23:09,235,1,,c28394f5,NEA,
2017-07-18 19:23:10,236,1,,c28394f5,NEA,
2017-07-18 19:23:11,237,1,ean,c28394f5,NEA,
2017-07-18 19:23:12,238,1,,c28394f5,NEA,
2017-07-18 19:23:13,239,1,,c28394f5,NEA,
2017-07-18 19:23:14,240,1,,c28394f5,NEA,
2017-07-18 19:23:15,241,1,,c28394f5,NEA,
2017-07-18 19:23:16,242,1,,c28394f5,NEA,
2017-07-18 19:23:17,243,1,,c28394f5,NEA,
2017-07-18 19:23:18,244,1,,c28394f5,NEA,
2017-07-18 19:23:19,245,1,,c28394f5,NEA,
2017-07-18 19:23:20,246,1,,c28394f5,NEA,
2017-07-18 19:23:21,247,1,,c28394f5,NEA,
2017-07-18 19:23:22,248,1,,c28394f5,NEA,
2017-07-18 19:23:23,249,1,,c28394f5,NEA,
2017-07-18 19:23:24,250,1,,c28394f5,NEA,
2017-07-18 19:23:25,251,1,,c28394f5,NEA,
2017-07-18 19:23:26,252,1,,c28394f5,NEA,
2017-07-18 19:23:27,253,1,,c28394f5,NEA,
2017-07-18 19:23:28,254,1,,c28394f5,NEA,
2017-07-18 19:23:29,255,1,,c28394f5,NEA,
2017-07-18 19:23:30,256,1,,c28394f5,NEA,
2017-07-18 19:23:31,257,1,,c28394f5,NEA,
2017-07-18 19:23:32,258,1,,c28394f5,NEA,
2017-07-18 19:23:33,259,1,,c28394f5,NEA,
2017-07-18 19:23:34,260,1,,c28394f5,NEA,
2017-07-18 19:23:35,261,1,,c28394f5,NEA,
2017-07-18 19:23:36,262,1,,c28394f5,NEA,
2017-07-18 19:23:37,263,1,,c28394f5,NEA,
2017-07-18 19:23:38,264,1,,c28394f5,NEA,
2017-07-18 19:23:39,265,1,,c28394f5,NEA,
2017-07-18 19:23:40,266,1,,c28394f5,NEA,
2017-07-18 19:23:41,267,1,,c28394f5,NEA,
2017-07-18 19:23:42,268,1,,c28394f5,NEA,
2017-07-18 19:23:43,269,1,,c28394f5,NEA,
2017-07-18 19:23:44,270,1,,c28394f5,NEA,
2017-07-18 19:23:45,271,1,,c28394f5,NEA,
2017-07-18 19:23:46,272,1,,c28394f5,NEA,
2017-07-18 19:23:47,273,1,Q,c28394f5,NEA,1
2017-07-18 19:23:48,274,1,N,c28394f5,NEA,1
2017-07-18 19:23:49,275,1,,c28394f5,NEA,
2017-07-18 19:23:50,276,1,,c28394f5,NEA,
2017-07-18 19:23:51,277,1,nan,c28394f5,NEA,
2017-07-18 19:23:52,278,1,,c28394f5,NEA,
2017-07-18 19:23:53,279,1,,c28394f5,NEA,
2017-07-18 19:23:54,280,1,,c28394f5,NEA,
2017-07-18 19:23:55,281,1,,c28394f5,NEA,
2017-07-18 19:23:56,282,1,,c28394f5,NEA,
2017-07-18 19:23:57,283,1,,c28394f5,NEA,
2017-07-18 19:23:58,284,1,,c28394f5,NEA,
2017-07-18 19:23:59,285,1,,c28394f5,NEA,
2017-07-18 19:24:00,286,1,,c28394f5,NEA,
2017-07-18 19:24:01,287,1,,c28394f5,NEA,
2017-07-18 19:24:02,288,1,,c28394f5,NEA,
2017-07-18 19:24:03,289,1,,c28394f5,NEA,
2017-07-18 19:24:04,290,1,,c28394f5,NEA,
2017-07-18 19:24:05,291,1,,c28394f5,NEA,
2017-07-18 19:24:06,292,1,,c28394f5,NEA,
2017-07-18 19:24:07,293,1,,c28394f5,NEA,
2017-07-18 19:24:08,294,1,,c28394f5,NEA,
2017-07-18 19:24:09,295,1,,c28394f5,NEA,
2017-07-18 19:24:10,296,1,,c28394f5,NEA,
2017-07-18 19:24:11,297,1,,c28394f5,NEA,
2017-07-18 19:24:12,298,1,,c28394f5,NEA,
2017-07-18 19:24:13,299,1,,c28394f5,NEA,
2017-07-18 19:24:14,300,1,,c28394f5,NEA,
2017-07-18 19:24:15,301,1,,c28394f5,NEA,
2017-07-18 19:24:16,302,1,,c28394f5,NEA,
2017-07-18 19:24:17,303,1,,c28394f5,NEA,
2017-07-18 19:24:18,304,1,,c28394f5,NEA,
2017-07-18 19:24:19,305,1,,c28394f5,NEA,
2017-07-18 19:19:15,1,3,,j90n3wk9,IEC,
2017-07-18 19:19:16,2,3,,j90n3wk9,IEC,
2017-07-18 19:19:17,3,3,,j90n3wk9,IEC,
2017-07-18 19:19:18,4,3,,j90n3wk9,IEC,
2017-07-18 19:19:19,5,3,,j90n3wk9,IEC,
2017-07-18 19:19:20,6,3,,j90n3wk9,IEC,
2017-07-18 19:19:21,7,3,,j90n3wk9,IEC,
2017-07-18 19:19:22,8,3,,j90n3wk9,IEC,
2017-07-18 19:19:23,9,3,,j90n3wk9,IEC,
2017-07-18 19:19:24,10,3,,j90n3wk9,IEC,
2017-07-18 19:19:25,11,3,,j90n3wk9,IEC,
2017-07-18 19:19:26,12,3,,j90n3wk9,IEC,
2017-07-18 19:19:27,13,3,,j90n3wk9,IEC,
2017-07-18 19:19:28,14,3,,j90n3wk9,IEC,
2017-07-18 19:19:29,15,3,,j90n3wk9,IEC,
2017-07-18 19:19:30,16,3,,j90n3wk9,IEC,
2017-07-18 19:19:31,17,3,,j90n3wk9,IEC,
2017-07-18 19:19:32,18,3,,j90n3wk9,IEC,
2017-07-18 19:19:33,19,3,ice,j90n3wk9,IEC,
2017-07-18 19:19:34,20,3,,j90n3wk9,IEC,
2017-07-18 19:19:35,21,3,,j90n3wk9,IEC,
2017-07-18 19:19:36,22,3,,j90n3wk9,IEC,
2017-07-18 19:19:37,23,3,,j90n3wk9,IEC,
2017-07-18 19:19:38,24,3,,j90n3wk9,IEC,
2017-07-18 19:19:39,25,3,,j90n3wk9,IEC,
2017-07-18 19:19:40,26,3,,j90n3wk9,IEC,
2017-07-18 19:19:41,27,3,,j90n3wk9,IEC,
2017-07-18 19:19:42,28,3,,j90n3wk9,IEC,
2017-07-18 19:19:43,29,3,,j90n3wk9,IEC,
2017-07-18 19:19:44,30,3,,j90n3wk9,IEC,
2017-07-18 19:19:45,31,3,,j90n3wk9,IEC,
2017-07-18 19:19:46,32,3,,j90n3wk9,IEC,
2017-07-18 19:19:47,33,3,,j90n3wk9,IEC,
2017-07-18 19:19:48,34,3,,j90n3wk9,IEC,
2017-07-18 19:19:49,35,3,,j90n3wk9,IEC,
2017-07-18 19:19:50,36,3,,j90n3wk9,IEC,
2017-07-18 19:19:51,37,3,,j90n3wk9,IEC,
2017-07-18 19:19:52,38,3,,j90n3wk9,IEC,
2017-07-18 19:19:53,39,3,,j90n3wk9,IEC,
2017-07-18 19:19:54,40,3,,j90n3wk9,IEC,
2017-07-18 19:19:55,41,3,,j90n3wk9,IEC,
2017-07-18 19:19:56,42,3,,j90n3wk9,IEC,
2017-07-18 19:19:57,43,3,,j90n3wk9,IEC,
2017-07-18 19:19:58,44,3,,j90n3wk9,IEC,
2017-07-18 19:19:59,45,3,,j90n3wk9,IEC,
2017-07-18 19:20:00,46,3,,j90n3wk9,IEC,
2017-07-18 19:20:01,47,3,,j90n3wk9,IEC,
2017-07-18 19:20:02,48,3,,j90n3wk9,IEC,
2017-07-18 19:20:03,49,3,,j90n3wk9,IEC,
2017-07-18 19:20:04,50,3,,j90n3wk9,IEC,
2017-07-18 19:20:05,51,3,,j90n3wk9,IEC,
2017-07-18 19:20:06,52,3,,j90n3wk9,IEC,
2017-07-18 19:20:07,53,3,,j90n3wk9,IEC,
2017-07-18 19:20:08,54,3,,j90n3wk9,IEC,
2017-07-18 19:20:09,55,3,,j90n3wk9,IEC,
2017-07-18 19:20:10,56,3,,j90n3wk9,IEC,
2017-07-18 19:20:11,57,3,,j90n3wk9,IEC,
2017-07-18 19:20:12,58,3,,j90n3wk9,IEC,
2017-07-18 19:20:13,59,3,,j90n3wk9,IEC,
2017-07-18 19:20:14,60,3,,j90n3wk9,IEC,
2017-07-18 19:20:15,61,3,,j90n3wk9,IEC,
2017-07-18 19:20:16,62,3,,j90n3wk9,IEC,
2017-07-18 19:20:17,63,3,,j90n3wk9,IEC,
2017-07-18 19:20:18,64,3,,j90n3wk9,IEC,
2017-07-18 19:20:19,65,3,,j90n3wk9,IEC,
2017-07-18 19:20:20,66,3,,j90n3wk9,IEC,
2017-07-18 19:20:21,67,3,,j90n3wk9,IEC,
2017-07-18 19:20:22,68,3,,j90n3wk9,IEC,
2017-07-18 19:20:23,69,3,,j90n3wk9,IEC,
2017-07-18 19:20:24,70,3,D,j90n3wk9,IEC,1
2017-07-18 19:20:25,71,3,,j90n3wk9,IEC,
2017-07-18 19:20:26,72,3,,j90n3wk9,IEC,
2017-07-18 19:20:27,73,3,,j90n3wk9,IEC,
2017-07-18 19:20:28,74,3,,j90n3wk9,IEC,
2017-07-18 19:20:29,75,3,,j90n3wk9,IEC,
2017-07-18 19:20:30,76,3,,j90n3wk9,IEC,
2017-07-18 19:20:31,77,3,,j90n3wk9,IEC,
2017-07-18 19:20:32,78,3,,j90n3wk9,IEC,
2017-07-18 19:20:33,79,3,,j90n3wk9,IEC,
2017-07-18 19:20:34,80,3,,j90n3wk9,IEC,
2017-07-18 19:20:35,81,3,,j90n3wk9,IEC,
2017-07-18 19:20:36,82,3,,j90n3wk9,IEC,
2017-07-18 19:20:37,83,3,,j90n3wk9,IEC,
2017-07-18 19:20:38,84,3,,j90n3wk9,IEC,
2017-07-18 19:20:39,85,3,,j90n3wk9,IEC,
2017-07-18 19:20:40,86,3,,j90n3wk9,IEC,
2017-07-18 19:20:41,87,3,,j90n3wk9,IEC,
2017-07-18 19:20:42,88,3,,j90n3wk9,IEC,
2017-07-18 19:20:43,89,3,,j90n3wk9,IEC,
2017-07-18 19:20:44,90,3,,j90n3wk9,IEC,
2017-07-18 19:20:45,91,3,,j90n3wk9,IEC,
2017-07-18 19:20:46,92,3,,j90n3wk9,IEC,
2017-07-18 19:20:47,93,3,,j90n3wk9,IEC,
2017-07-18 19:20:48,94,3,,j90n3wk9,IEC,
2017-07-18 19:20:49,95,3,,j90n3wk9,IEC,
2017-07-18 19:20:50,96,3,,j90n3wk9,IEC,
2017-07-18 19:20:51,97,3,,j90n3wk9,IEC,
2017-07-18 19:20:52,98,3,,j90n3wk9,IEC,
2017-07-18 19:20:53,99,3,,j90n3wk9,IEC,
2017-07-18 19:20:54,100,3,,j90n3wk9,IEC,
2017-07-18 19:20:55,101,3,,j90n3wk9,IEC,
2017-07-18 19:20:56,102,3,,j90n3wk9,IEC,
2017-07-18 19:20:57,103,3,,j90n3wk9,IEC,
2017-07-18 19:20:58,104,3,,j90n3wk9,IEC,
2017-07-18 19:20:59,105,3,,j90n3wk9,IEC,
2017-07-18 19:21:00,106,3,,j90n3wk9,IEC,
2017-07-18 19:21:01,107,3,,j90n3wk9,IEC,
2017-07-18 19:21:02,108,3,,j90n3wk9,IEC,
2017-07-18 19:21:03,109,3,,j90n3wk9,IEC,
2017-07-18 19:21:04,110,3,,j90n3wk9,IEC,
2017-07-18 19:21:05,111,3,,j90n3wk9,IEC,
2017-07-18 19:21:06,112,3,,j90n3wk9,IEC,
2017-07-18 19:21:07,113,3,,j90n3wk9,IEC,
2017-07-18 19:21:08,114,3,,j90n3wk9,IEC,
2017-07-18 19:21:09,115,3,,j90n3wk9,IEC,
2017-07-18 19:21:10,116,3,,j90n3wk9,IEC,
2017-07-18 19:21:11,117,3,,j90n3wk9,IEC,
2017-07-18 19:21:12,118,3,,j90n3wk9,IEC,
2017-07-18 19:21:13,119,3,,j90n3wk9,IEC,
2017-07-18 19:21:14,120,3,,j90n3wk9,IEC,
2017-07-18 19:21:15,121,3,,j90n3wk9,IEC,
2017-07-18 19:21:16,122,3,,j90n3wk9,IEC,
2017-07-18 19:21:17,123,3,,j90n3wk9,IEC,
2017-07-18 19:21:18,124,3,,j90n3wk9,IEC,
2017-07-18 19:21:19,125,3,,j90n3wk9,IEC,
2017-07-18 19:21:20,126,3,,j90n3wk9,IEC,
2017-07-18 19:21:21,127,3,,j90n3wk9,IEC,
2017-07-18 19:21:22,128,3,,j90n3wk9,IEC,
2017-07-18 19:21:23,129,3,,j90n3wk9,IEC,
2017-07-18 19:21:24,130,3,,j90n3wk9,IEC,
2017-07-18 19:21:25,131,3,,j90n3wk9,IEC,
2017-07-18 19:21:26,132,3,,j90n3wk9,IEC,
2017-07-18 19:21:27,133,3,,j90n3wk9,IEC,
2017-07-18 19:21:28,134,3,,j90n3wk9,IEC,
2017-07-18 19:21:29,135,3,,j90n3wk9,IEC,
2017-07-18 19:21:30,136,3,,j90n3wk9,IEC,
2017-07-18 19:21:31,137,3,,j90n3wk9,IEC,
2017-07-18 19:21:32,138,3,,j90n3wk9,IEC,
2017-07-18 19:21:33,139,3,,j90n3wk9,IEC,
2017-07-18 19:21:34,140,3,,j90n3wk9,IEC,
2017-07-18 19:21:35,141,3,,j90n3wk9,IEC,
2017-07-18 19:21:36,142,3,,j90n3wk9,IEC,
2017-07-18 19:21:37,143,3,,j90n3wk9,IEC,
2017-07-18 19:21:38,144,3,,j90n3wk9,IEC,
2017-07-18 19:21:39,145,3,,j90n3wk9,IEC,
2017-07-18 19:21:40,146,3,,j90n3wk9,IEC,
2017-07-18 19:21:41,147,3,,j90n3wk9,IEC,
2017-07-18 19:21:42,148,3,,j90n3wk9,IEC,
2017-07-18 19:21:43,149,3,,j90n3wk9,IEC,
2017-07-18 19:21:44,150,3,,j90n3wk9,IEC,
2017-07-18 19:21:45,151,3,,j90n3wk9,IEC,
2017-07-18 19:21:46,152,3,,j90n3wk9,IEC,
2017-07-18 19:21:47,153,3,,j90n3wk9,IEC,
2017-07-18 19:21:48,154,3,,j90n3wk9,IEC,
2017-07-18 19:21:49,155,3,,j90n3wk9,IEC,
2017-07-18 19:21:50,156,3,,j90n3wk9,IEC,
2017-07-18 19:21:51,157,3,,j90n3wk9,IEC,
2017-07-18 19:21:52,158,3,,j90n3wk9,IEC,
2017-07-18 19:21:53,159,3,,j90n3wk9,IEC,
2017-07-18 19:21:54,160,3,,j90n3wk9,IEC,
2017-07-18 19:21:55,161,3,,j90n3wk9,IEC,
2017-07-18 19:21:56,162,3,,j90n3wk9,IEC,
2017-07-18 19:21:57,163,3,,j90n3wk9,IEC,
2017-07-18 19:21:58,164,3,,j90n3wk9,IEC,
2017-07-18 19:21:59,165,3,,j90n3wk9,IEC,
2017-07-18 19:22:00,166,3,,j90n3wk9,IEC,
2017-07-18 19:22:01,167,3,,j90n3wk9,IEC,
2017-07-18 19:22:02,168,3,,j90n3wk9,IEC,
2017-07-18 19:22:03,169,3,,j90n3wk9,IEC,
2017-07-18 19:22:04,170,3,,j90n3wk9,IEC,
2017-07-18 19:22:05,171,3,,j90n3wk9,IEC,
2017-07-18 19:22:06,172,3,,j90n3wk9,IEC,
2017-07-18 19:22:07,173,3,,j90n3wk9,IEC,
2017-07-18 19:22:08,174,3,,j90n3wk9,IEC,
2017-07-18 19:22:09,175,3,,j90n3wk9,IEC,
2017-07-18 19:22:10,176,3,,j90n3wk9,IEC,
2017-07-18 19:22:11,177,3,,j90n3wk9,IEC,
2017-07-18 19:22:12,178,3,,j90n3wk9,IEC,
2017-07-18 19:22:13,179,3,,j90n3wk9,IEC,
2017-07-18 19:22:14,180,3,,j90n3wk9,IEC,
2017-07-18 19:22:15,181,3,,j90n3wk9,IEC,
2017-07-18 19:22:16,182,3,,j90n3wk9,IEC,
2017-07-18 19:22:17,183,3,,j90n3wk9,IEC,
2017-07-18 19:22:18,184,3,,j90n3wk9,IEC,
2017-07-18 19:22:19,185,3,,j90n3wk9,IEC,
2017-07-18 19:22:20,186,3,,j90n3wk9,IEC,
2017-07-18 19:22:21,187,3,,j90n3wk9,IEC,
2017-07-18 19:22:22,188,3,,j90n3wk9,IEC,
2017-07-18 19:22:23,189,3,,j90n3wk9,IEC,
2017-07-18 19:22:24,190,3,,j90n3wk9,IEC,
2017-07-18 19:22:25,191,3,,j90n3wk9,IEC,
2017-07-18 19:22:26,192,3,,j90n3wk9,IEC,
2017-07-18 19:22:27,193,3,,j90n3wk9,IEC,
2017-07-18 19:22:28,194,3,,j90n3wk9,IEC,
2017-07-18 19:22:29,195,3,,j90n3wk9,IEC,
2017-07-18 19:22:30,196,3,,j90n3wk9,IEC,
2017-07-18 19:22:31,197,3,,j90n3wk9,IEC,
2017-07-18 19:22:32,198,3,,j90n3wk9,IEC,
2017-07-18 19:22:33,199,3,,j90n3wk9,IEC,
2017-07-18 19:22:34,200,3,,j90n3wk9,IEC,
2017-07-18 19:22:35,201,3,,j90n3wk9,IEC,
2017-07-18 19:22:36,202,3,,j90n3wk9,IEC,
2017-07-18 19:22:37,203,3,,j90n3wk9,IEC,
2017-07-18 19:22:38,204,3,,j90n3wk9,IEC,
2017-07-18 19:22:39,205,3,,j90n3wk9,IEC,
2017-07-18 19:22:40,206,3,,j90n3wk9,IEC,
2017-07-18 19:22:41,207,3,,j90n3wk9,IEC,
2017-07-18 19:22:42,208,3,,j90n3wk9,IEC,
2017-07-18 19:22:43,209,3,,j90n3wk9,IEC,
2017-07-18 19:22:44,210,3,,j90n3wk9,IEC,
2017-07-18 19:22:45,211,3,,j90n3wk9,IEC,
2017-07-18 19:22:46,212,3,,j90n3wk9,IEC,
2017-07-18 19:22:47,213,3,,j90n3wk9,IEC,
2017-07-18 19:22:48,214,3,,j90n3wk9,IEC,
2017-07-18 19:22:49,215,3,,j90n3wk9,IEC,
2017-07-18 19:22:50,216,3,,j90n3wk9,IEC,
2017-07-18 19:22:51,217,3,,j90n3wk9,IEC,
2017-07-18 19:22:52,218,3,,j90n3wk9,IEC,
2017-07-18 19:22:53,219,3,,j90n3wk9,IEC,
2017-07-18 19:22:54,220,3,,j90n3wk9,IEC,
2017-07-18 19:22:55,221,3,,j90n3wk9,IEC,
2017-07-18 19:22:56,222,3,,j90n3wk9,IEC,
2017-07-18 19:22:57,223,3,,j90n3wk9,IEC,
2017-07-18 19:22:58,224,3,,j90n3wk9,IEC,
2017-07-18 19:22:59,225,3,,j90n3wk9,IEC,
2017-07-18 19:23:00,226,3,,j90n3wk9,IEC,
2017-07-18 19:23:01,227,3,,j90n3wk9,IEC,
2017-07-18 19:23:02,228,3,,j90n3wk9,IEC,
2017-07-18 19:23:03,229,3,,j90n3wk9,IEC,
2017-07-18 19:23:04,230,3,,j90n3wk9,IEC,
2017-07-18 19:23:05,231,3,,j90n3wk9,IEC,
2017-07-18 19:23:06,232,3,,j90n3wk9,IEC,
2017-07-18 19:23:07,233,3,,j90n3wk9,IEC,
2017-07-18 19:23:08,234,3,,j90n3wk9,IEC,
2017-07-18 19:23:09,235,3,,j90n3wk9,IEC,
2017-07-18 19:23:10,236,3,,j90n3wk9,IEC,
2017-07-18 19:23:11,237,3,,j90n3wk9,IEC,
2017-07-18 19:23:12,238,3,,j90n3wk9,IEC,
2017-07-18 19:23:13,239,3,,j90n3wk9,IEC,
2017-07-18 19:23:14,240,3,,j90n3wk9,IEC,
2017-07-18 19:23:15,241,3,,j90n3wk9,IEC,
2017-07-18 19:23:16,242,3,,j90n3wk9,IEC,
2017-07-18 19:23:17,243,3,,j90n3wk9,IEC,
2017-07-18 19:23:18,244,3,,j90n3wk9,IEC,
2017-07-18 19:23:19,245,3,,j90n3wk9,IEC,
2017-07-18 19:23:20,246,3,,j90n3wk9,IEC,
2017-07-18 19:23:21,247,3,,j90n3wk9,IEC,
2017-07-18 19:23:22,248,3,,j90n3wk9,IEC,
2017-07-18 19:23:23,249,3,,j90n3wk9,IEC,
2017-07-18 19:23:24,250,3,,j90n3wk9,IEC,
2017-07-18 19:23:25,251,3,,j90n3wk9,IEC,
2017-07-18 19:23:26,252,3,,j90n3wk9,IEC,
2017-07-18 19:23:27,253,3,,j90n3wk9,IEC,
2017-07-18 19:23:28,254,3,,j90n3wk9,IEC,
2017-07-18 19:23:29,255,3,,j90n3wk9,IEC,
2017-07-18 19:23:30,256,3,,j90n3wk9,IEC,
2017-07-18 19:23:31,257,3,,j90n3wk9,IEC,
2017-07-18 19:23:32,258,3,,j90n3wk9,IEC,
2017-07-18 19:23:33,259,3,,j90n3wk9,IEC,
2017-07-18 19:23:34,260,3,,j90n3wk9,IEC,
2017-07-18 19:23:35,261,3,,j90n3wk9,IEC,
2017-07-18 19:23:36,262,3,,j90n3wk9,IEC,
2017-07-18 19:23:37,263,3,,j90n3wk9,IEC,
2017-07-18 19:23:38,264,3,,j90n3wk9,IEC,
2017-07-18 19:23:39,265,3,,j90n3wk9,IEC,
2017-07-18 19:23:40,266,3,,j90n3wk9,IEC,
2017-07-18 19:23:41,267,3,,j90n3wk9,IEC,
2017-07-18 19:23:42,268,3,,j90n3wk9,IEC,
2017-07-18 19:23:43,269,3,,j90n3wk9,IEC,
2017-07-18 19:23:44,270,3,,j90n3wk9,IEC,
2017-07-18 19:23:45,271,3,,j90n3wk9,IEC,
2017-07-18 19:23:46,272,3,,j90n3wk9,IEC,
2017-07-18 19:23:47,273,3,,j90n3wk9,IEC,
2017-07-18 19:23:48,274,3,,j90n3wk9,IEC,
2017-07-18 19:23:49,275,3,,j90n3wk9,IEC,
2017-07-18 19:23:50,276,3,,j90n3wk9,IEC,
2017-07-18 19:23:51,277,3,,j90n3wk9,IEC,
2017-07-18 19:23:52,278,3,,j90n3wk9,IEC,
2017-07-18 19:23:53,279,3,,j90n3wk9,IEC,
2017-07-18 19:23:54,280,3,,j90n3wk9,IEC,
2017-07-18 19:23:55,281,3,,j90n3wk9,IEC,
2017-07-18 19:23:56,282,3,,j90n3wk9,IEC,
2017-07-18 19:23:57,283,3,,j90n3wk9,IEC,
2017-07-18 19:23:58,284,3,,j90n3wk9,IEC,
2017-07-18 19:23:59,285,3,,j90n3wk9,IEC,
2017-07-18 19:24:00,286,3,,j90n3wk9,IEC,
2017-07-18 19:24:01,287,3,,j90n3wk9,IEC,
2017-07-18 19:24:02,288,3,,j90n3wk9,IEC,
2017-07-18 19:24:03,289,3,,j90n3wk9,IEC,
2017-07-18 19:24:04,290,3,,j90n3wk9,IEC,
2017-07-18 19:24:05,291,3,,j90n3wk9,IEC,
2017-07-18 19:24:06,292,3,,j90n3wk9,IEC,
2017-07-18 19:24:07,293,3,,j90n3wk9,IEC,
2017-07-18 19:24:08,294,3,,j90n3wk9,IEC,
2017-07-18 19:24:09,295,3,,j90n3wk9,IEC,
2017-07-18 19:24:10,296,3,,j90n3wk9,IEC,
2017-07-18 19:24:11,297,3,,j90n3wk9,IEC,
2017-07-18 19:24:12,298,3,,j90n3wk9,IEC,
2017-07-18 19:24:13,299,3,,j90n3wk9,IEC,
2017-07-18 19:24:14,300,3,,j90n3wk9,IEC,
2017-07-18 19:24:15,301,3,,j90n3wk9,IEC,
2017-07-18 19:24:16,302,3,,j90n3wk9,IEC,
2017-07-18 19:24:17,303,3,,j90n3wk9,IEC,
2017-07-18 19:24:18,304,3,,j90n3wk9,IEC,
2017-07-18 19:24:19,305,3,,j90n3wk9,IEC,
2017-07-18 19:19:15,1,4,,wvc2awm0,YCO,
2017-07-18 19:19:16,2,4,,wvc2awm0,YCO,
2017-07-18 19:19:17,3,4,,wvc2awm0,YCO,
2017-07-18 19:19:18,4,4,,wvc2awm0,YCO,
2017-07-18 19:19:19,5,4,,wvc2awm0,YCO,
2017-07-18 19:19:20,6,4,,wvc2awm0,YCO,
2017-07-18 19:19:21,7,4,,wvc2awm0,YCO,
2017-07-18 19:19:22,8,4,,wvc2awm0,YCO,
2017-07-18 19:19:23,9,4,,wvc2awm0,YCO,
2017-07-18 19:19:24,10,4,,wvc2awm0,YCO,
2017-07-18 19:19:25,11,4,,wvc2awm0,YCO,
2017-07-18 19:19:26,12,4,,wvc2awm0,YCO,
2017-07-18 19:19:27,13,4,,wvc2awm0,YCO,
2017-07-18 19:19:28,14,4,,wvc2awm0,YCO,
2017-07-18 19:19:29,15,4,,wvc2awm0,YCO,
2017-07-18 19:19:30,16,4,,wvc2awm0,YCO,
2017-07-18 19:19:31,17,4,,wvc2awm0,YCO,
2017-07-18 19:19:32,18,4,,wvc2awm0,YCO,
2017-07-18 19:19:33,19,4,,wvc2awm0,YCO,
2017-07-18 19:19:34,20,4,,wvc2awm0,YCO,
2017-07-18 19:19:35,21,4,,wvc2awm0,YCO,
2017-07-18 19:19:36,22,4,,wvc2awm0,YCO,
2017-07-18 19:19:37,23,4,,wvc2awm0,YCO,
2017-07-18 19:19:38,24,4,,wvc2awm0,YCO,
2017-07-18 19:19:39,25,4,,wvc2awm0,YCO,
2017-07-18 19:19:40,26,4,,wvc2awm0,YCO,
2017-07-18 19:19:41,27,4,,wvc2awm0,YCO,
2017-07-18 19:19:42,28,4,,wvc2awm0,YCO,
2017-07-18 19:19:43,29,4,,wvc2awm0,YCO,
2017-07-18 19:19:44,30,4,,wvc2awm0,YCO,
2017-07-18 19:19:45,31,4,coy,wvc2awm0,YCO,
2017-07-18 19:19:46,32,4,,wvc2awm0,YCO,
2017-07-18 19:19:47,33,4,,wvc2awm0,YCO,
2017-07-18 19:19:48,34,4,,wvc2awm0,YCO,
2017-07-18 19:19:49,35,4,,wvc2awm0,YCO,
2017-07-18 19:19:50,36,4,,wvc2awm0,YCO,
2017-07-18 19:19:51,37,4,,wvc2awm0,YCO,
2017-07-18 19:19:52,38,4,,wvc2awm0,YCO,
2017-07-18 19:19:53,39,4,,wvc2awm0,YCO,
2017-07-18 19:19:54,40,4,,wvc2awm0,YCO,
2017-07-18 19:19:55,41,4,,wvc2awm0,YCO,
2017-07-18 19:19:56,42,4,,wvc2awm0,YCO,
2017-07-18 19:19:57,43,4,,wvc2awm0,YCO,
2017-07-18 19:19:58,44,4,,wvc2awm0,YCO,
2017-07-18 19:19:59,45,4,,wvc2awm0,YCO,
2017-07-18 19:20:00,46,4,C,wvc2awm0,YCO,1
2017-07-18 19:20:01,47,4,,wvc2awm0,YCO,
2017-07-18 19:20:02,48,4,,wvc2awm0,YCO,
2017-07-18 19:20:03,49,4,,wvc2awm0,YCO,
2017-07-18 19:20:04,50,4,A,wvc2awm0,YCO,1
2017-07-18 19:20:05,51,4,,wvc2awm0,YCO,
2017-07-18 19:20:06,52,4,,wvc2awm0,YCO,
2017-07-18 19:20:07,53,4,N,wvc2awm0,YCO,1
2017-07-18 19:20:08,54,4,,wvc2awm0,YCO,
2017-07-18 19:20:09,55,4,,wvc2awm0,YCO,
2017-07-18 19:20:10,56,4,,wvc2awm0,YCO,
2017-07-18 19:20:11,57,4,,wvc2awm0,YCO,
2017-07-18 19:20:12,58,4,,wvc2awm0,YCO,
2017-07-18 19:20:13,59,4,,wvc2awm0,YCO,
2017-07-18 19:20:14,60,4,,wvc2awm0,YCO,
2017-07-18 19:20:15,61,4,,wvc2awm0,YCO,
2017-07-18 19:20:16,62,4,,wvc2awm0,YCO,
2017-07-18 19:20:17,63,4,,wvc2awm0,YCO,
2017-07-18 19:20:18,64,4,,wvc2awm0,YCO,
2017-07-18 19:20:19,65,4,,wvc2awm0,YCO,
2017-07-18 19:20:20,66,4,,wvc2awm0,YCO,
2017-07-18 19:20:21,67,4,,wvc2awm0,YCO,
2017-07-18 19:20:22,68,4,,wvc2awm0,YCO,
2017-07-18 19:20:23,69,4,,wvc2awm0,YCO,
2017-07-18 19:20:24,70,4,A,wvc2awm0,YCO,2
2017-07-18 19:20:25,71,4,N,wvc2awm0,YCO,2
2017-07-18 19:20:26,72,4,,wvc2awm0,YCO,
2017-07-18 19:20:27,73,4,,wvc2awm0,YCO,
2017-07-18 19:20:28,74,4,,wvc2awm0,YCO,
2017-07-18 19:20:29,75,4,,wvc2awm0,YCO,
2017-07-18 19:20:30,76,4,,wvc2awm0,YCO,
2017-07-18 19:20:31,77,4,,wvc2awm0,YCO,
2017-07-18 19:20:32,78,4,,wvc2awm0,YCO,
2017-07-18 19:20:33,79,4,,wvc2awm0,YCO,
2017-07-18 19:20:34,80,4,,wvc2awm0,YCO,
2017-07-18 19:20:35,81,4,,wvc2awm0,YCO,
2017-07-18 19:20:36,82,4,,wvc2awm0,YCO,
2017-07-18 19:20:37,83,4,,wvc2awm0,YCO,
2017-07-18 19:20:38,84,4,,wvc2awm0,YCO,
2017-07-18 19:20:39,85,4,,wvc2awm0,YCO,
2017-07-18 19:20:40,86,4,,wvc2awm0,YCO,
2017-07-18 19:20:41,87,4,,wvc2awm0,YCO,
2017-07-18 19:20:42,88,4,,wvc2awm0,YCO,
2017-07-18 19:20:43,89,4,,wvc2awm0,YCO,
2017-07-18 19:20:44,90,4,,wvc2awm0,YCO,
2017-07-18 19:20:45,91,4,,wvc2awm0,YCO,
2017-07-18 19:20:46,92,4,,wvc2awm0,YCO,
2017-07-18 19:20:47,93,4,,wvc2awm0,YCO,
2017-07-18 19:20:48,94,4,,wvc2awm0,YCO,
2017-07-18 19:20:49,95,4,E,wvc2awm0,YCO,1
2017-07-18 19:20:50,96,4,,wvc2awm0,YCO,
2017-07-18 19:20:51,97,4,,wvc2awm0,YCO,
2017-07-18 19:20:52,98,4,,wvc2awm0,YCO,
2017-07-18 19:20:53,99,4,,wvc2awm0,YCO,
2017-07-18 19:20:54,100,4,,wvc2awm0,YCO,
2017-07-18 19:20:55,101,4,,wvc2awm0,YCO,
2017-07-18 19:20:56,102,4,,wvc2awm0,YCO,
2017-07-18 19:20:57,103,4,,wvc2awm0,YCO,
2017-07-18 19:20:58,104,4,,wvc2awm0,YCO,
2017-07-18 19:20:59,105,4,,wvc2awm0,YCO,
2017-07-18 19:21:00,106,4,,wvc2awm0,YCO,
2017-07-18 19:21:01,107,4,,wvc2awm0,YCO,
2017-07-18 19:21:02,108,4,,wvc2awm0,YCO,
2017-07-18 19:21:03,109,4,,wvc2awm0,YCO,
2017-07-18 19:21:04,110,4,,wvc2awm0,YCO,
2017-07-18 19:21:05,111,4,,wvc2awm0,YCO,
2017-07-18 19:21:06,112,4,,wvc2awm0,YCO,
2017-07-18 19:21:07,113,4,,wvc2awm0,YCO,
2017-07-18 19:21:08,114,4,,wvc2awm0,YCO,
2017-07-18 19:21:09,115,4,,wvc2awm0,YCO,
2017-07-18 19:21:10,116,4,,wvc2awm0,YCO,
2017-07-18 19:21:11,117,4,,wvc2awm0,YCO,
2017-07-18 19:21:12,118,4,,wvc2awm0,YCO,
2017-07-18 19:21:13,119,4,,wvc2awm0,YCO,
2017-07-18 19:21:14,120,4,,wvc2awm0,YCO,
2017-07-18 19:21:15,121,4,,wvc2awm0,YCO,
2017-07-18 19:21:16,122,4,,wvc2awm0,YCO,
2017-07-18 19:21:17,123,4,,wvc2awm0,YCO,
2017-07-18 19:21:18,124,4,,wvc2awm0,YCO,
2017-07-18 19:21:19,125,4,,wvc2awm0,YCO,
2017-07-18 19:21:20,126,4,,wvc2awm0,YCO,
2017-07-18 19:21:21,127,4,,wvc2awm0,YCO,
2017-07-18 19:21:22,128,4,,wvc2awm0,YCO,
2017-07-18 19:21:23,129,4,,wvc2awm0,YCO,
2017-07-18 19:21:24,130,4,,wvc2awm0,YCO,
2017-07-18 19:21:25,131,4,,wvc2awm0,YCO,
2017-07-18 19:21:26,132,4,,wvc2awm0,YCO,
2017-07-18 19:21:27,133,4,,wvc2awm0,YCO,
2017-07-18 19:21:28,134,4,,wvc2awm0,YCO,
2017-07-18 19:21:29,135,4,,wvc2awm0,YCO,
2017-07-18 19:21:30,136,4,,wvc2awm0,YCO,
2017-07-18 19:21:31,137,4,,wvc2awm0,YCO,
2017-07-18 19:21:32,138,4,,wvc2awm0,YCO,
2017-07-18 19:21:33,139,4,,wvc2awm0,YCO,
2017-07-18 19:21:34,140,4,,wvc2awm0,YCO,
2017-07-18 19:21:35,141,4,,wvc2awm0,YCO,
2017-07-18 19:21:36,142,4,,wvc2awm0,YCO,
2017-07-18 19:21:37,143,4,,wvc2awm0,YCO,
2017-07-18 19:21:38,144,4,,wvc2awm0,YCO,
2017-07-18 19:21:39,145,4,,wvc2awm0,YCO,
2017-07-18 19:21:40,146,4,,wvc2awm0,YCO,
2017-07-18 19:21:41,147,4,,wvc2awm0,YCO,
2017-07-18 19:21:42,148,4,,wvc2awm0,YCO,
2017-07-18 19:21:43,149,4,,wvc2awm0,YCO,
2017-07-18 19:21:44,150,4,,wvc2awm0,YCO,
2017-07-18 19:21:45,151,4,,wvc2awm0,YCO,
2017-07-18 19:21:46,152,4,,wvc2awm0,YCO,
2017-07-18 19:21:47,153,4,,wvc2awm0,YCO,
2017-07-18 19:21:48,154,4,,wvc2awm0,YCO,
2017-07-18 19:21:49,155,4,,wvc2awm0,YCO,
2017-07-18 19:21:50,156,4,,wvc2awm0,YCO,
2017-07-18 19:21:51,157,4,,wvc2awm0,YCO,
2017-07-18 19:21:52,158,4,,wvc2awm0,YCO,
2017-07-18 19:21:53,159,4,,wvc2awm0,YCO,
2017-07-18 19:21:54,160,4,,wvc2awm0,YCO,
2017-07-18 19:21:55,161,4,I,wvc2awm0,YCO,1
2017-07-18 19:21:56,162,4,,wvc2awm0,YCO,
2017-07-18 19:21:57,163,4,,wvc2awm0,YCO,
2017-07-18 19:21:58,164,4,,wvc2awm0,YCO,
2017-07-18 19:21:59,165,4,,wvc2awm0,YCO,
2017-07-18 19:22:00,166,4,,wvc2awm0,YCO,
2017-07-18 19:22:01,167,4,,wvc2awm0,YCO,
2017-07-18 19:22:02,168,4,,wvc2awm0,YCO,
2017-07-18 19:22:03,169,4,,wvc2awm0,YCO,
2017-07-18 19:22:04,170,4,,wvc2awm0,YCO,
2017-07-18 19:22:05,171,4,,wvc2awm0,YCO,
2017-07-18 19:22:06,172,4,,wvc2awm0,YCO,
2017-07-18 19:22:07,173,4,,wvc2awm0,YCO,
2017-07-18 19:22:08,174,4,,wvc2awm0,YCO,
2017-07-18 19:22:09,175,4,,wvc2awm0,YCO,
2017-07-18 19:22:10,176,4,,wvc2awm0,YCO,
2017-07-18 19:22:11,177,4,,wvc2awm0,YCO,
2017-07-18 19:22:12,178,4,,wvc2awm0,YCO,
2017-07-18 19:22:13,179,4,,wvc2awm0,YCO,
2017-07-18 19:22:14,180,4,,wvc2awm0,YCO,
2017-07-18 19:22:15,181,4,,wvc2awm0,YCO,
2017-07-18 19:22:16,182,4,,wvc2awm0,YCO,
2017-07-18 19:22:17,183,4,,wvc2awm0,YCO,
2017-07-18 19:22:18,184,4,,wvc2awm0,YCO,
2017-07-18 19:22:19,185,4,,wvc2awm0,YCO,
2017-07-18 19:22:20,186,4,,wvc2awm0,YCO,
2017-07-18 19:22:21,187,4,,wvc2awm0,YCO,
2017-07-18 19:22:22,188,4,,wvc2awm0,YCO,
2017-07-18 19:22:23,189,4,,wvc2awm0,YCO,
2017-07-18 19:22:24,190,4,,wvc2awm0,YCO,
2017-07-18 19:22:25,191,4,,wvc2awm0,YCO,
2017-07-18 19:22:26,192,4,,wvc2awm0,YCO,
2017-07-18 19:22:27,193,4,,wvc2awm0,YCO,
2017-07-18 19:22:28,194,4,,wvc2awm0,YCO,
2017-07-18 19:22:29,195,4,,wvc2awm0,YCO,
2017-07-18 19:22:30,196,4,,wvc2awm0,YCO,
2017-07-18 19:22:31,197,4,,wvc2awm0,YCO,
2017-07-18 19:22:32,198,4,,wvc2awm0,YCO,
2017-07-18 19:22:33,199,4,,wvc2awm0,YCO,
2017-07-18 19:22:34,200,4,can,wvc2awm0,YCO,
2017-07-18 19:22:35,201,4,,wvc2awm0,YCO,
2017-07-18 19:22:36,202,4,,wvc2awm0,YCO,
2017-07-18 19:22:37,203,4,,wvc2awm0,YCO,
2017-07-18 19:22:38,204,4,,wvc2awm0,YCO,
2017-07-18 19:22:39,205,4,,wvc2awm0,YCO,
2017-07-18 19:22:40,206,4,,wvc2awm0,YCO,
2017-07-18 19:22:41,207,4,,wvc2awm0,YCO,
2017-07-18 19:22:42,208,4,,wvc2awm0,YCO,
2017-07-18 19:22:43,209,4,,wvc2awm0,YCO,
2017-07-18 19:22:44,210,4,,wvc2awm0,YCO,
2017-07-18 19:22:45,211,4,,wvc2awm0,YCO,
2017-07-18 19:22:46,212,4,,wvc2awm0,YCO,
2017-07-18 19:22:47,213,4,,wvc2awm0,YCO,
2017-07-18 19:22:48,214,4,,wvc2awm0,YCO,
2017-07-18 19:22:49,215,4,,wvc2awm0,YCO,
2017-07-18 19:22:50,216,4,,wvc2awm0,YCO,
2017-07-18 19:22:51,217,4,,wvc2awm0,YCO,
2017-07-18 19:22:52,218,4,,wvc2awm0,YCO,
2017-07-18 19:22:53,219,4,,wvc2awm0,YCO,
2017-07-18 19:22:54,220,4,,wvc2awm0,YCO,
2017-07-18 19:22:55,221,4,,wvc2awm0,YCO,
2017-07-18 19:22:56,222,4,,wvc2awm0,YCO,
2017-07-18 19:22:57,223,4,,wvc2awm0,YCO,
2017-07-18 19:22:58,224,4,,wvc2awm0,YCO,
2017-07-18 19:22:59,225,4,,wvc2awm0,YCO,
2017-07-18 19:23:00,226,4,,wvc2awm0,YCO,
2017-07-18 19:23:01,227,4,,wvc2awm0,YCO,
2017-07-18 19:23:02,228,4,,wvc2awm0,YCO,
2017-07-18 19:23:03,229,4,,wvc2awm0,YCO,
2017-07-18 19:23:04,230,4,,wvc2awm0,YCO,
2017-07-18 19:23:05,231,4,,wvc2awm0,YCO,
2017-07-18 19:23:06,232,4,,wvc2awm0,YCO,
2017-07-18 19:23:07,233,4,,wvc2awm0,YCO,
2017-07-18 19:23:08,234,4,,wvc2awm0,YCO,
2017-07-18 19:23:09,235,4,,wvc2awm0,YCO,
2017-07-18 19:23:10,236,4,,wvc2awm0,YCO,
2017-07-18 19:23:11,237,4,,wvc2awm0,YCO,
2017-07-18 19:23:12,238,4,,wvc2awm0,YCO,
2017-07-18 19:23:13,239,4,,wvc2awm0,YCO,
2017-07-18 19:23:14,240,4,,wvc2awm0,YCO,
2017-07-18 19:23:15,241,4,,wvc2awm0,YCO,
2017-07-18 19:23:16,242,4,,wvc2awm0,YCO,
2017-07-18 19:23:17,243,4,,wvc2awm0,YCO,
2017-07-18 19:23:18,244,4,,wvc2awm0,YCO,
2017-07-18 19:23:19,245,4,,wvc2awm0,YCO,
2017-07-18 19:23:20,246,4,,wvc2awm0,YCO,
2017-07-18 19:23:21,247,4,,wvc2awm0,YCO,
2017-07-18 19:23:22,248,4,,wvc2awm0,YCO,
2017-07-18 19:23:23,249,4,,wvc2awm0,YCO,
2017-07-18 19:23:24,250,4,,wvc2awm0,YCO,
2017-07-18 19:23:25,251,4,,wvc2awm0,YCO,
2017-07-18 19:23:26,252,4,,wvc2awm0,YCO,
2017-07-18 19:23:27,253,4,,wvc2awm0,YCO,
2017-07-18 19:23:28,254,4,,wvc2awm0,YCO,
2017-07-18 19:23:29,255,4,,wvc2awm0,YCO,
2017-07-18 19:23:30,256,4,,wvc2awm0,YCO,
2017-07-18 19:23:31,257,4,,wvc2awm0,YCO,
2017-07-18 19:23:32,258,4,,wvc2awm0,YCO,
2017-07-18 19:23:33,259,4,,wvc2awm0,YCO,
2017-07-18 19:23:34,260,4,,wvc2awm0,YCO,
2017-07-18 19:23:35,261,4,,wvc2awm0,YCO,
2017-07-18 19:23:36,262,4,,wvc2awm0,YCO,
2017-07-18 19:23:37,263,4,nay,wvc2awm0,YCO,
2017-07-18 19:23:38,264,4,,wvc2awm0,YCO,
2017-07-18 19:23:39,265,4,,wvc2awm0,YCO,
2017-07-18 19:23:40,266,4,,wvc2awm0,YCO,
2017-07-18 19:23:41,267,4,,wvc2awm0,YCO,
2017-07-18 19:23:42,268,4,,wvc2awm0,YCO,
2017-07-18 19:23:43,269,4,,wvc2awm0,YCO,
2017-07-18 19:23:44,270,4,,wvc2awm0,YCO,
2017-07-18 19:23:45,271,4,,wvc2awm0,YCO,
2017-07-18 19:23:46,272,4,,wvc2awm0,YCO,
2017-07-18 19:23:47,273,4,,wvc2awm0,YCO,
2017-07-18 19:23:48,274,4,,wvc2awm0,YCO,
2017-07-18 19:23:49,275,4,,wvc2awm0,YCO,
2017-07-18 19:23:50,276,4,,wvc2awm0,YCO,
2017-07-18 19:23:51,277,4,,wvc2awm0,YCO,
2017-07-18 19:23:52,278,4,,wvc2awm0,YCO,
2017-07-18 19:23:53,279,4,con,wvc2awm0,YCO,
2017-07-18 19:23:54,280,4,,wvc2awm0,YCO,
2017-07-18 19:23:55,281,4,,wvc2awm0,YCO,
2017-07-18 19:23:56,282,4,,wvc2awm0,YCO,
2017-07-18 19:23:57,283,4,,wvc2awm0,YCO,
2017-07-18 19:23:58,284,4,,wvc2awm0,YCO,
2017-07-18 19:23:59,285,4,,wvc2awm0,YCO,
2017-07-18 19:24:00,286,4,,wvc2awm0,YCO,
2017-07-18 19:24:01,287,4,,wvc2awm0,YCO,
2017-07-18 19:24:02,288,4,,wvc2awm0,YCO,
2017-07-18 19:24:03,289,4,,wvc2awm0,YCO,
2017-07-18 19:24:04,290,4,,wvc2awm0,YCO,
2017-07-18 19:24:05,291,4,,wvc2awm0,YCO,
2017-07-18 19:24:06,292,4,,wvc2awm0,YCO,
2017-07-18 19:24:07,293,4,,wvc2awm0,YCO,
2017-07-18 19:24:08,294,4,,wvc2awm0,YCO,
2017-07-18 19:24:09,295,4,,wvc2awm0,YCO,
2017-07-18 19:24:10,296,4,,wvc2awm0,YCO,
2017-07-18 19:24:11,297,4,,wvc2awm0,YCO,
2017-07-18 19:24:12,298,4,,wvc2awm0,YCO,
2017-07-18 19:24:13,299,4,,wvc2awm0,YCO,
2017-07-18 19:24:14,300,4,,wvc2awm0,YCO,
2017-07-18 19:24:15,301,4,,wvc2awm0,YCO,
2017-07-18 19:24:16,302,4,,wvc2awm0,YCO,
2017-07-18 19:24:17,303,4,,wvc2awm0,YCO,
2017-07-18 19:24:18,304,4,,wvc2awm0,YCO,
2017-07-18 19:24:19,305,4,,wvc2awm0,YCO,
